Retained internal modes,Reduction time (s),Eigenproblem time (s),CB Mode 1 error (%),CB Mode 2 error (%),CB Mode 3 error (%),CB Mode 4 error (%),CB Mode 5 error (%),CB Mode 6 error (%),CB Mode 1 freq,CB Mode 2 freq,CB Mode 3 freq,CB Mode 4 freq,CB Mode 5 freq,CB Mode 6 freq,GI Mode 1 freq,GI Mode 2 freq,GI Mode 3 freq,GI Mode 4 freq,GI Mode 5 freq,GI Mode 6 freq,GI Mode 1 error (%),GI Mode 2 error (%),GI Mode 3 error (%),GI Mode 4 error (%),GI Mode 5 error (%),GI Mode 6 error (%),Full Mode 1 freq,Full Mode 2 freq,Full Mode 3 freq,Full Mode 4 freq,Full Mode 5 freq,Full Mode 6 freq
1,2.6066472999518737,0.0004440000047907233,0.23117912572494076,12.769763951412111,11.571646899251279,12.012689996021814,7.656491539206624,181.7703175561282,2.578965490085694,7.7180191985057,12.112043231243454,14.467896531756537,14.928312948937863,41.91953606020475,2.670454823842125,7.736831078099955,13.31905813895925,14.882275645646873,41.91793441605411,78.47461271507498,3.787,13.045,22.69,15.221,202.294,427.482,2.5730172113916465,6.844050149675829,10.855843368683603,12.91630129788899,13.866616620606878,14.877200843504195
2,1.7220998000120744,0.0004288000054657459,0.2310421958464478,0.258730127384035,11.077183590525221,3.9453344746652506,7.627348263767382,29.361342094508437,2.578961966856353,6.861757769346313,12.058365068932543,13.42589258584624,14.924271762662016,19.245346677252556,2.670454823842125,7.736831078099955,13.31905813895925,14.882275645646873,41.91793441605411,78.47461271507498,3.787,13.045,22.69,15.221,202.294,427.482,2.5730172113916465,6.844050149675829,10.855843368683603,12.91630129788899,13.866616620606878,14.877200843504195
3,1.5325901999603957,0.00033740000799298286,0.09777049270409265,0.2557718381455895,2.9551220505694595,1.3961525675026556,6.7074635745182505,16.818194154903527,2.5755328629965852,6.861555302547261,11.176646789846854,13.096632570085847,14.796714879452178,17.379277366179675,2.670454823842125,7.736831078099955,13.31905813895925,14.882275645646873,41.91793441605411,78.47461271507498,3.787,13.045,22.69,15.221,202.294,427.482,2.5730172113916465,6.844050149675829,10.855843368683603,12.91630129788899,13.866616620606878,14.877200843504195
4,1.7832959999796003,0.00044000003254041076,0.014751977132240978,0.2545567532525278,0.41520272610372605,1.0891917419585138,1.066804732321771,2.931886499390623,2.5733967823022796,6.861472141527819,10.900917126291928,13.056984584992078,14.01454634292843,15.313383486522122,2.670454823842125,7.736831078099955,13.31905813895925,14.882275645646873,41.91793441605411,78.47461271507498,3.787,13.045,22.69,15.221,202.294,427.482,2.5730172113916465,6.844050149675829,10.855843368683603,12.91630129788899,13.866616620606878,14.877200843504195
5,1.8103380000102334,0.00043750001350417733,0.014748269866780524,0.07294119202392924,0.41520172537851474,0.9601416857296277,1.0663284767398187,0.17875900818272877,2.5733966869137013,6.849042281437718,10.900917017654766,13.04031609090446,14.014480302392746,14.903795180177395,2.670454823842125,7.736831078099955,13.31905813895925,14.882275645646873,41.91793441605411,78.47461271507498,3.787,13.045,22.69,15.221,202.294,427.482,2.5730172113916465,6.844050149675829,10.855843368683603,12.91630129788899,13.866616620606878,14.877200843504195
6,1.7475863000145182,0.00046609999844804406,0.014748269878534228,0.072941190853668,0.41518458037730616,0.9601375032931455,1.0651646837055637,0.1787333799108529,2.5733966869140037,6.849042281357625,10.90091515642029,13.040315550688362,14.014318923674429,14.903791367407916,2.670454823842125,7.736831078099955,13.31905813895925,14.882275645646873,41.91793441605411,78.47461271507498,3.787,13.045,22.69,15.221,202.294,427.482,2.5730172113916465,6.844050149675829,10.855843368683603,12.91630129788899,13.866616620606878,14.877200843504195
7,1.7262417000019923,0.0004480000352486968,0.014748269580635725,0.07293426136310828,0.40897703910165184,0.9573627316205033,0.6680230321598499,0.16544989363612905,2.5733966869063387,6.849041807099816,10.900241275462358,13.039957152818795,13.959248813413838,14.901815156475806,2.670454823842125,7.736831078099955,13.31905813895925,14.882275645646873,41.91793441605411,78.47461271507498,3.787,13.045,22.69,15.221,202.294,427.482,2.5730172113916465,6.844050149675829,10.855843368683603,12.91630129788899,13.866616620606878,14.877200843504195
8,1.6843936000368558,0.000458399998024106,0.014748230366940564,0.07293204446429283,0.4089629286798885,0.9573013886540825,0.667052308041541,0.1654400043199129,2.5733966858973636,6.849041655374149,10.900239743657073,13.039949229576427,13.959114206821909,14.90181368522237,2.670454823842125,7.736831078099955,13.31905813895925,14.882275645646873,41.91793441605411,78.47461271507498,3.787,13.045,22.69,15.221,202.294,427.482,2.5730172113916465,6.844050149675829,10.855843368683603,12.91630129788899,13.866616620606878,14.877200843504195
9,1.7143709000083618,0.0004726999904960394,0.014748209204807355,0.0729308653142467,0.40896076255648744,0.9572817314150411,0.6669169192879655,0.1654390772056694,2.5733966853528583,6.849041574672529,10.90023950850611,13.039946690588206,13.959095432982503,14.901813547293722,2.670454823842125,7.736831078099955,13.31905813895925,14.882275645646873,41.91793441605411,78.47461271507498,3.787,13.045,22.69,15.221,202.294,427.482,2.5730172113916465,6.844050149675829,10.855843368683603,12.91630129788899,13.866616620606878,14.877200843504195
10,1.8193295000237413,0.0004987000138498843,0.0147481455866144,0.07293083995503094,0.4089385253330304,0.9572660780376351,0.6662766512594284,0.16539881120178507,2.573396683715951,6.849041572936931,10.900237094467961,13.039944668750817,13.959006649469641,14.901807556839453,2.670454823842125,7.736831078099955,13.31905813895925,14.882275645646873,41.91793441605411,78.47461271507498,3.787,13.045,22.69,15.221,202.294,427.482,2.5730172113916465,6.844050149675829,10.855843368683603,12.91630129788899,13.866616620606878,14.877200843504195
11,1.7218924000044353,0.0005133000086061656,0.014748040403054058,0.07292929581372254,0.40893724190371616,0.9572412510597977,0.6661041216536404,0.16539522973981052,2.57339668100956,6.849041467255126,10.900236955140885,13.039941462023556,13.95898272545065,14.901807024018161,2.670454823842125,7.736831078099955,13.31905813895925,14.882275645646873,41.91793441605411,78.47461271507498,3.787,13.045,22.69,15.221,202.294,427.482,2.5730172113916465,6.844050149675829,10.855843368683603,12.91630129788899,13.866616620606878,14.877200843504195
12,1.714140399999451,0.0004613000201061368,0.014748039520180235,0.07292924028823576,0.4089372388531688,0.9572410619915012,0.6661034787769896,0.16539522794692865,2.5733966809868436,6.849041463454934,10.900236954809722,13.039941437602925,13.958982636305409,14.90180702375143,2.670454823842125,7.736831078099955,13.31905813895925,14.882275645646873,41.91793441605411,78.47461271507498,3.787,13.045,22.69,15.221,202.294,427.482,2.5730172113916465,6.844050149675829,10.855843368683603,12.91630129788899,13.866616620606878,14.877200843504195
13,2.0042849999736063,0.0004901000065729022,0.01474803436912505,0.07292881376833224,0.40893718081224417,0.9572379477556814,0.6661014470747677,0.16539518542691456,2.573396680854306,6.849041434263698,10.90023694850889,13.039941035358844,13.958982354577051,14.901807017425643,2.670454823842125,7.736831078099955,13.31905813895925,14.882275645646873,41.91793441605411,78.47461271507498,3.787,13.045,22.69,15.221,202.294,427.482,2.5730172113916465,6.844050149675829,10.855843368683603,12.91630129788899,13.866616620606878,14.877200843504195
14,1.8721656000125222,0.00047509995056316257,0.01474796732195808,0.07292856427815596,0.4089371094327753,0.9572337898765535,0.6660427837702144,0.1653925131319292,2.573396679129171,6.849041417188465,10.900236940760047,13.039940498314648,13.958974219961512,14.90180661986295,2.670454823842125,7.736831078099955,13.31905813895925,14.882275645646873,41.91793441605411,78.47461271507498,3.787,13.045,22.69,15.221,202.294,427.482,2.5730172113916465,6.844050149675829,10.855843368683603,12.91630129788899,13.866616620606878,14.877200843504195
15,1.8823710000142455,0.0004948999849148095,0.014747965706160741,0.07292511684761492,0.4089295658804442,0.9571030402984123,0.6659720547066493,0.1653908936924138,2.573396679087596,6.84904118124459,10.900236121843822,13.03992361030519,13.958964412233428,14.901806378935682,2.670454823842125,7.736831078099955,13.31905813895925,14.882275645646873,41.91793441605411,78.47461271507498,3.787,13.045,22.69,15.221,202.294,427.482,2.5730172113916465,6.844050149675829,10.855843368683603,12.91630129788899,13.866616620606878,14.877200843504195
16,2.9706223999965005,0.0004885999951511621,0.014747958860208051,0.07292454012884783,0.4089295658409763,0.9571007270724531,0.6659715503794272,0.16539088574135116,2.5733966789114486,6.849041141773668,10.900236121839537,13.039923311521955,13.958964342300305,14.901806377752786,2.670454823842125,7.736831078099955,13.31905813895925,14.882275645646873,41.91793441605411,78.47461271507498,3.787,13.045,22.69,15.221,202.294,427.482,2.5730172113916465,6.844050149675829,10.855843368683603,12.91630129788899,13.866616620606878,14.877200843504195
17,3.088696099992376,0.00048610003432258964,0.014747297923534203,0.07292409274819471,0.4089213933888712,0.9570521431055838,0.6653155953904216,0.16538590592414484,2.5733966619054343,6.849041111154712,10.900235234650937,13.039917036270412,13.958873383536776,14.901805636895379,2.670454823842125,7.736831078099955,13.31905813895925,14.882275645646873,41.91793441605411,78.47461271507498,3.787,13.045,22.69,15.221,202.294,427.482,2.5730172113916465,6.844050149675829,10.855843368683603,12.91630129788899,13.866616620606878,14.877200843504195
18,3.143586900027003,0.0004910000134259462,0.01474728673435596,0.07292211903365177,0.40892135668561197,0.9570436088474404,0.6653137188523981,0.16538574275126158,2.5733966616175348,6.849040976072699,10.900235230666489,13.039915933959916,13.958873123324443,14.901805612619821,2.670454823842125,7.736831078099955,13.31905813895925,14.882275645646873,41.91793441605411,78.47461271507498,3.787,13.045,22.69,15.221,202.294,427.482,2.5730172113916465,6.844050149675829,10.855843368683603,12.91630129788899,13.866616620606878,14.877200843504195
19,2.948583499994129,0.0004898000042885542,0.014747285668876916,0.07292195044472417,0.4089213507921489,0.9570430298523879,0.6653134750712659,0.16538570353350485,2.57339666159012,6.849040964534388,10.900235230026704,13.03991585917517,13.958873089520248,14.901805606785317,2.670454823842125,7.736831078099955,13.31905813895925,14.882275645646873,41.91793441605411,78.47461271507498,3.787,13.045,22.69,15.221,202.294,427.482,2.5730172113916465,6.844050149675829,10.855843368683603,12.91630129788899,13.866616620606878,14.877200843504195
20,1.6113725999603048,0.00038620003033429384,0.014747284804677845,0.07292146729826804,0.40890660138476487,0.9570144445811757,0.6647441862870607,0.16535070039939628,2.573396661567884,6.849040931467602,10.90023362885414,13.039912167015414,13.958794148427078,14.901800399298754,2.670454823842125,7.736831078099955,13.31905813895925,14.882275645646873,41.91793441605411,78.47461271507498,3.787,13.045,22.69,15.221,202.294,427.482,2.5730172113916465,6.844050149675829,10.855843368683603,12.91630129788899,13.866616620606878,14.877200843504195
21,1.32317139999941,0.00039439997635781765,0.014747041019765612,0.0729214664828084,0.40889879025440096,0.9570143011339148,0.6623381332032444,0.16527359119872018,2.573396655295256,6.849040931411792,10.900232780890063,13.039912148487334,13.958460510270257,14.9017889276081,2.670454823842125,7.736831078099955,13.31905813895925,14.882275645646873,41.91793441605411,78.47461271507498,3.787,13.045,22.69,15.221,202.294,427.482,2.5730172113916465,6.844050149675829,10.855843368683603,12.91630129788899,13.866616620606878,14.877200843504195
22,1.4808511000010185,0.0003977999440394342,0.014747031797407868,0.07291688079834605,0.4088987171053567,0.9570057660605313,0.6623035177819542,0.16527124825017492,2.5733966550579632,6.849040617565247,10.900232772949117,13.03991104607154,13.958455710282495,14.90178857904294,2.670454823842125,7.736831078099955,13.31905813895925,14.882275645646873,41.91793441605411,78.47461271507498,3.787,13.045,22.69,15.221,202.294,427.482,2.5730172113916465,6.844050149675829,10.855843368683603,12.91630129788899,13.866616620606878,14.877200843504195
23,1.2744512999779545,0.00040389999048784375,0.014747031676211848,0.07291688075392448,0.40889870420565533,0.9570057379519217,0.6623019237505717,0.16527123873175556,2.573396655054845,6.849040617562207,10.900232771548746,13.039911042440947,13.958455489244274,14.901788577626865,2.670454823842125,7.736831078099955,13.31905813895925,14.882275645646873,41.91793441605411,78.47461271507498,3.787,13.045,22.69,15.221,202.294,427.482,2.5730172113916465,6.844050149675829,10.855843368683603,12.91630129788899,13.866616620606878,14.877200843504195
24,0.9730799999670126,0.00041099998634308577,0.014746654200526675,0.06536925207240488,0.4088986820362352,0.954499859962832,0.6623009203373385,0.16054092489758848,2.5733966453423305,6.848524054070133,10.900232769142068,13.039587375689718,13.958455350104808,14.901084839337228,2.670454823842125,7.736831078099955,13.31905813895925,14.882275645646873,41.91793441605411,78.47461271507498,3.787,13.045,22.69,15.221,202.294,427.482,2.5730172113916465,6.844050149675829,10.855843368683603,12.91630129788899,13.866616620606878,14.877200843504195
25,0.7155368000385351,0.00041070004226639867,0.005842353095640077,0.06439023476915771,0.13976360593010065,0.7398473920602446,0.6621154134402943,0.12041463411894013,2.5731675361423476,6.848457049634924,10.871015886829799,13.011862216192066,13.95842962657459,14.89511517046704,2.670454823842125,7.736831078099955,13.31905813895925,14.882275645646873,41.91793441605411,78.47461271507498,3.787,13.045,22.69,15.221,202.294,427.482,2.5730172113916465,6.844050149675829,10.855843368683603,12.91630129788899,13.866616620606878,14.877200843504195
26,0.7300307999830693,0.0004507999983616173,0.005842352651122352,0.06438637178411939,0.13976357077283091,0.739847373960889,0.6620963694701584,0.12041422944485862,2.57316753613091,6.848456785250291,10.87101588301318,13.011862213854299,13.958426985820262,14.895115110262864,2.670454823842125,7.736831078099955,13.31905813895925,14.882275645646873,41.91793441605411,78.47461271507498,3.787,13.045,22.69,15.221,202.294,427.482,2.5730172113916465,6.844050149675829,10.855843368683603,12.91630129788899,13.866616620606878,14.877200843504195
27,0.8396023000241257,0.00045220000902190804,0.005733507511556572,0.06379709099971483,0.12481734832329572,0.5158559824616558,0.6620902753677188,0.09501387127955944,2.5731647355267353,6.848416454577884,10.869393344514524,12.982930810846923,13.95842614077444,14.891336247963643,2.670454823842125,7.736831078099955,13.31905813895925,14.882275645646873,41.91793441605411,78.47461271507498,3.787,13.045,22.69,15.221,202.294,427.482,2.5730172113916465,6.844050149675829,10.855843368683603,12.91630129788899,13.866616620606878,14.877200843504195
28,0.7618122000130825,0.000450699997600168,0.005733507278709022,0.06379708931941659,0.12481705381421823,0.5158551536366985,0.6620844531350059,0.0950132518151582,2.573164735520744,6.848416454462884,10.86939331254308,12.982930703793395,13.958425333427751,14.89133615580468,2.670454823842125,7.736831078099955,13.31905813895925,14.882275645646873,41.91793441605411,78.47461271507498,3.787,13.045,22.69,15.221,202.294,427.482,2.5730172113916465,6.844050149675829,10.855843368683603,12.91630129788899,13.866616620606878,14.877200843504195
29,0.7583574000163935,0.0004512000014074147,0.0057335073373221915,0.06379704414801059,0.12481701516367995,0.5158551441920669,0.6620825779675449,0.09501318945077061,2.5731647355222522,6.84841645137133,10.869393308347238,12.982930702573498,13.958425073405468,14.891336146526605,2.670454823842125,7.736831078099955,13.31905813895925,14.882275645646873,41.91793441605411,78.47461271507498,3.787,13.045,22.69,15.221,202.294,427.482,2.5730172113916465,6.844050149675829,10.855843368683603,12.91630129788899,13.866616620606878,14.877200843504195
30,0.8558576999930665,0.0004529000143520534,0.005733507188096789,0.06379704359569328,0.12481701456133641,0.5158551339910573,0.6620823581038798,0.09501316417913128,2.5731647355184126,6.848416451333529,10.869393308281849,12.982930701255905,13.958425042917817,14.891336142766892,2.670454823842125,7.736831078099955,13.31905813895925,14.882275645646873,41.91793441605411,78.47461271507498,3.787,13.045,22.69,15.221,202.294,427.482,2.5730172113916465,6.844050149675829,10.855843368683603,12.91630129788899,13.866616620606878,14.877200843504195
31,0.8915618000319228,0.0005849000299349427,0.005733505931020335,0.06379704024585507,0.12481667238806868,0.5158551295020238,0.6620663969132694,0.095012866761537,2.573164735486068,6.8484164511042644,10.869393271136055,12.982930700676087,13.958422829640707,14.89133609851948,2.670454823842125,7.736831078099955,13.31905813895925,14.882275645646873,41.91793441605411,78.47461271507498,3.787,13.045,22.69,15.221,202.294,427.482,2.5730172113916465,6.844050149675829,10.855843368683603,12.91630129788899,13.866616620606878,14.877200843504195
32,0.7530846999725327,0.000471399980597198,0.00573340505742654,0.0637823707029312,0.12481664166429354,0.5158244300242972,0.6620663968240073,0.09501063173436501,2.573164732890573,6.84841544711339,10.86939326780073,12.982926735439047,13.95842282962833,14.891335766009998,2.670454823842125,7.736831078099955,13.31905813895925,14.882275645646873,41.91793441605411,78.47461271507498,3.787,13.045,22.69,15.221,202.294,427.482,2.5730172113916465,6.844050149675829,10.855843368683603,12.91630129788899,13.866616620606878,14.877200843504195
33,0.7102421000017785,0.0004695000243373215,0.005731034311926909,0.06373038792563433,0.12481660179676309,0.5154170129819555,0.6620662860574164,0.09501039769929305,2.573164671890883,6.848411889386043,10.869393263472773,12.98287411222632,13.95842281426875,14.89133573119213,2.670454823842125,7.736831078099955,13.31905813895925,14.882275645646873,41.91793441605411,78.47461271507498,3.787,13.045,22.69,15.221,202.294,427.482,2.5730172113916465,6.844050149675829,10.855843368683603,12.91630129788899,13.866616620606878,14.877200843504195
34,0.8469343000324443,0.00047699996503069997,0.005730588693167271,0.062125354922422805,0.12481651953510249,0.5147755645540186,0.6620662751504222,0.09426449239484073,2.5731646604250358,6.848302040122384,10.869393254542576,12.982791260814697,13.95842281275632,14.891224761361885,2.670454823842125,7.736831078099955,13.31905813895925,14.882275645646873,41.91793441605411,78.47461271507498,3.787,13.045,22.69,15.221,202.294,427.482,2.5730172113916465,6.844050149675829,10.855843368683603,12.91630129788899,13.866616620606878,14.877200843504195
35,0.8151205999893136,0.0004889999981969595,0.00573045384086632,0.06212523282811384,0.12480616012274118,0.5147503979434249,0.6620642463892685,0.094260570163807,2.573164656955263,6.848302031766188,10.869392129940996,12.982788010219446,13.958422531435788,14.891224177843696,2.670454823842125,7.736831078099955,13.31905813895925,14.882275645646873,41.91793441605411,78.47461271507498,3.787,13.045,22.69,15.221,202.294,427.482,2.5730172113916465,6.844050149675829,10.855843368683603,12.91630129788899,13.866616620606878,14.877200843504195
36,0.9135984000167809,0.0006545000360347331,0.005730453820085914,0.06212522502661888,0.12480600644011475,0.514749218319638,0.6620393973937942,0.09425711780769143,2.573164656954728,6.84830203123225,10.869392113257451,12.982787857855683,13.958419085720852,14.891223664229743,2.670454823842125,7.736831078099955,13.31905813895925,14.882275645646873,41.91793441605411,78.47461271507498,3.787,13.045,22.69,15.221,202.294,427.482,2.5730172113916465,6.844050149675829,10.855843368683603,12.91630129788899,13.866616620606878,14.877200843504195
37,0.7921027999836951,0.000464599987026304,0.005696052041030597,0.06208871421548087,0.12342388763059765,0.5121859722365458,0.6618598359286921,0.09404483759717586,2.573163771791032,6.848299532414026,10.86924207260432,12.982456781268585,13.958394186620888,14.891192082876474,2.670454823842125,7.736831078099955,13.31905813895925,14.882275645646873,41.91793441605411,78.47461271507498,3.787,13.045,22.69,15.221,202.294,427.482,2.5730172113916465,6.844050149675829,10.855843368683603,12.91630129788899,13.866616620606878,14.877200843504195
38,0.7915120999678038,0.0008262000046670437,0.00569565420641631,0.06208871008106918,0.1232719303965556,0.5121849568284007,0.6433990346567218,0.09363324803160725,2.573163761554679,6.8482995321310645,10.869225576365006,12.98245665011541,13.955834298083412,14.891130849870153,2.670454823842125,7.736831078099955,13.31905813895925,14.882275645646873,41.91793441605411,78.47461271507498,3.787,13.045,22.69,15.221,202.294,427.482,2.5730172113916465,6.844050149675829,10.855843368683603,12.91630129788899,13.866616620606878,14.877200843504195
39,0.8306748000322841,0.0006571999983862042,0.005695648040193443,0.062087088343214976,0.12327168510821204,0.5121794785217525,0.6433814577880048,0.09363264345493383,2.573163761396021,6.848299421138512,10.869225549736887,12.982455942520817,13.955831860766413,14.891130759926067,2.670454823842125,7.736831078099955,13.31905813895925,14.882275645646873,41.91793441605411,78.47461271507498,3.787,13.045,22.69,15.221,202.294,427.482,2.5730172113916465,6.844050149675829,10.855843368683603,12.91630129788899,13.866616620606878,14.877200843504195
40,0.8154089000308886,0.0005938999820500612,0.00569365694924937,0.061797945700236244,0.12326974087697347,0.5114991752969066,0.6433813251700835,0.09359649224568736,2.5731637101649083,6.848279632071023,10.86922533867419,12.982368072506556,13.955831842376794,14.89112538163806,2.670454823842125,7.736831078099955,13.31905813895925,14.882275645646873,41.91793441605411,78.47461271507498,3.787,13.045,22.69,15.221,202.294,427.482,2.5730172113916465,6.844050149675829,10.855843368683603,12.91630129788899,13.866616620606878,14.877200843504195
41,0.7894771000137553,0.0005859000375494361,0.00569305946699334,0.060373231402672915,0.12326944671379639,0.5108248197136259,0.6433810802743261,0.09297958549473345,2.573163694791587,6.848182123910008,10.869225306740296,12.9822809707076,13.955831808418038,14.891033603181704,2.670454823842125,7.736831078099955,13.31905813895925,14.882275645646873,41.91793441605411,78.47461271507498,3.787,13.045,22.69,15.221,202.294,427.482,2.5730172113916465,6.844050149675829,10.855843368683603,12.91630129788899,13.866616620606878,14.877200843504195
42,0.79495270003099,0.0006259999936446548,0.004069320036847677,0.060081005906605686,0.07440761883773678,0.4539188587397058,0.6355909440451024,0.0864372345431934,2.573121915696581,6.848162123850507,10.863920943238995,12.97493082533175,13.954751580092909,14.890060284490756,2.670454823842125,7.736831078099955,13.31905813895925,14.882275645646873,41.91793441605411,78.47461271507498,3.787,13.045,22.69,15.221,202.294,427.482,2.5730172113916465,6.844050149675829,10.855843368683603,12.91630129788899,13.866616620606878,14.877200843504195
43,0.7683352999738418,0.0006093999836593866,0.004051804518812625,0.06008091808850411,0.07279349270132104,0.4536763067441374,0.4012993357144587,0.07984610736647442,2.5731214650192875,6.848162117840192,10.863745716233852,12.974899496585198,13.922263260991445,14.889079709262825,2.670454823842125,7.736831078099955,13.31905813895925,14.882275645646873,41.91793441605411,78.47461271507498,3.787,13.045,22.69,15.221,202.294,427.482,2.5730172113916465,6.844050149675829,10.855843368683603,12.91630129788899,13.866616620606878,14.877200843504195
44,1.234815699979663,0.0005914999637752771,0.004048368885405718,0.060071080643840015,0.07262920407107383,0.4536568997515599,0.39934453315942875,0.07973909776316576,2.5731213766198486,6.848161444560546,10.86372788131748,12.974896989919564,13.921992196015449,14.889063789229219,2.670454823842125,7.736831078099955,13.31905813895925,14.882275645646873,41.91793441605411,78.47461271507498,3.787,13.045,22.69,15.221,202.294,427.482,2.5730172113916465,6.844050149675829,10.855843368683603,12.91630129788899,13.866616620606878,14.877200843504195
45,1.2173848999664187,0.0007078000344336033,0.0037361377441953165,0.060055462329868185,0.0566659794697478,0.4495704392600686,0.24905021804417665,0.06746827491668705,2.573113342858846,6.848160375635305,10.86199493865817,12.974369170370064,13.90115145953585,14.887238234269198,2.670454823842125,7.736831078099955,13.31905813895925,14.882275645646873,41.91793441605411,78.47461271507498,3.787,13.045,22.69,15.221,202.294,427.482,2.5730172113916465,6.844050149675829,10.855843368683603,12.91630129788899,13.866616620606878,14.877200843504195
46,0.8884730999707244,0.0008136999676935375,0.0036774251556626458,0.060055189603199235,0.056200769440783,0.4495466308536097,0.24212496129755118,0.06718772314415906,2.5731118321738378,6.848160356969755,10.86194443618609,12.974366095204552,13.900191160732803,14.887196496018529,2.670454823842125,7.736831078099955,13.31905813895925,14.882275645646873,41.91793441605411,78.47461271507498,3.787,13.045,22.69,15.221,202.294,427.482,2.5730172113916465,6.844050149675829,10.855843368683603,12.91630129788899,13.866616620606878,14.877200843504195
47,0.9162963000126183,0.0008239000453613698,0.0036759310550740516,0.05995162409807912,0.05619972996174929,0.44916834159390423,0.24212284700779932,0.06718369331979517,2.5731117937303725,6.848153268894647,10.861944323341874,12.97431723422399,13.900190867552348,14.887195896493465,2.670454823842125,7.736831078099955,13.31905813895925,14.882275645646873,41.91793441605411,78.47461271507498,3.787,13.045,22.69,15.221,202.294,427.482,2.5730172113916465,6.844050149675829,10.855843368683603,12.91630129788899,13.866616620606878,14.877200843504195
48,0.880160300002899,0.0006842000293545425,0.003650896106079112,0.05995113486005363,0.05599978292582146,0.4491643749030576,0.2395025443901454,0.06708969138129836,2.573111149576826,6.848153235410951,10.861922617404833,12.97431672187425,13.899827520234059,14.887181911636278,2.670454823842125,7.736831078099955,13.31905813895925,14.882275645646873,41.91793441605411,78.47461271507498,3.787,13.045,22.69,15.221,202.294,427.482,2.5730172113916465,6.844050149675829,10.855843368683603,12.91630129788899,13.866616620606878,14.877200843504195
49,0.8111311999964528,0.0006771999760530889,0.003648899908402179,0.05958164205715138,0.055994491602875375,0.4483197811208716,0.23950066776565226,0.06704113902885286,2.573111098214316,6.848127947138221,10.861922042987102,12.974207631596599,13.899827260009735,14.88717468840529,2.670454823842125,7.736831078099955,13.31905813895925,14.882275645646873,41.91793441605411,78.47461271507498,3.787,13.045,22.69,15.221,202.294,427.482,2.5730172113916465,6.844050149675829,10.855843368683603,12.91630129788899,13.866616620606878,14.877200843504195
50,0.8634061000193469,0.0005989999626763165,0.003504536896866397,0.05884378459086663,0.055632924387028326,0.4128157100455559,0.2394993634785706,0.06530837138582767,2.5731073837291825,6.848077447803195,10.861882791816477,12.969621818803494,13.899827079149246,14.886916901082886,2.670454823842125,7.736831078099955,13.31905813895925,14.882275645646873,41.91793441605411,78.47461271507498,3.787,13.045,22.69,15.221,202.294,427.482,2.5730172113916465,6.844050149675829,10.855843368683603,12.91630129788899,13.866616620606878,14.877200843504195
